{
  "version": 1,
  "author": "Anonymous maker",
  "editor": "wokwi",
  "parts": [
    { "type": "wokwi-arduino-uno", "id": "uno", "top": 39, "left": -58.2, "attrs": {} },
    {
      "type": "wokwi-dht22",
      "id": "dht1",
      "top": -258.9,
      "left": -19.6,
      "attrs": { "temperature": "7.1", "humidity": "71" }
    },
    {
      "type": "wokwi-resistor",
      "id": "r1",
      "top": -37.8,
      "left": -67.2,
      "attrs": { "value": "4700" }
    },
    {
      "type": "wokwi-resistor",
      "id": "r2",
      "top": -277.8,
      "left": 172.8,
      "attrs": { "value": "220" }
    },
    {
      "type": "wokwi-resistor",
      "id": "r3",
      "top": -229.8,
      "left": 172.8,
      "attrs": { "value": "220" }
    },
    {
      "type": "wokwi-resistor",
      "id": "r4",
      "top": -316.2,
      "left": 172.8,
      "attrs": { "value": "220" }
    },
    {
      "type": "wokwi-resistor",
      "id": "r5",
      "top": -181.8,
      "left": 172.8,
      "attrs": { "value": "220" }
    },
    {
      "type": "wokwi-led",
      "id": "led1",
      "top": -195.6,
      "left": 100.8,
      "attrs": { "color": "green" }
    },
    {
      "type": "wokwi-led",
      "id": "led2",
      "top": -291.6,
      "left": 100.8,
      "attrs": { "color": "red" }
    },
    {
      "type": "wokwi-led",
      "id": "led3",
      "top": -243.6,
      "left": 100.8,
      "attrs": { "color": "yellow" }
    },
    {
      "type": "wokwi-led",
      "id": "led4",
      "top": -339.6,
      "left": 100.8,
      "attrs": { "color": "blue" }
    }
  ],
  "connections": [
    [ "dht1:GND", "uno:GND.3", "black", [ "v0", "h230.8", "v432", "h-134.4" ] ],
    [ "dht1:SDA", "uno:A0", "green", [ "v163.2", "h-79.6", "v240", "h230.4" ] ],
    [ "r1:2", "dht1:SDA", "green", [ "v0" ] ],
    [ "r1:1", "dht1:VCC", "green", [ "v0" ] ],
    [ "uno:5V", "dht1:VCC", "red", [ "v57.5", "h-197.8", "v-432" ] ],
    [ "r3:1", "led3:A", "green", [ "v0" ] ],
    [ "r5:1", "led1:A", "green", [ "v0" ] ],
    [ "r2:1", "led2:A", "green", [ "v0" ] ],
    [ "r4:1", "led4:A", "green", [ "v0" ] ],
    [ "uno:2", "r4:2", "green", [ "v-48", "h128.9", "v-307.2" ] ],
    [ "uno:3", "r5:2", "green", [ "v-57.6", "h100", "v-163.2" ] ],
    [ "uno:4", "r2:2", "green", [ "v-67.2", "h119.1", "v-249.6" ] ],
    [ "led1:C", "uno:GND.1", "green", [ "v38.4", "h-49.6" ] ],
    [ "led3:C", "uno:GND.1", "green", [ "v76.8", "h-59.2" ] ],
    [ "led2:C", "uno:GND.1", "green", [ "v0", "h-49.6" ] ],
    [ "led4:C", "uno:GND.1", "green", [ "v0", "h-59.2" ] ],
    [ "r3:2", "uno:5", "green", [ "v0", "h65.8", "v220.8", "h-144" ] ]
  ]
}