{
  "version": 1,
  "author": "Anonymous maker",
  "editor": "wokwi",
  "parts": [
    { "type": "wokwi-arduino-uno", "id": "uno", "top": 211.8, "left": -19.8, "attrs": {} },
    {
      "type": "wokwi-servo",
      "id": "servo1",
      "top": -174.8,
      "left": 9.6,
      "attrs": { "horn": "double" }
    },
    { "type": "wokwi-potentiometer", "id": "pot1", "top": -30.1, "left": 47.8, "attrs": {} }
  ],
  "connections": [
    [ "uno:5V", "servo1:V+", "red", [ "v38.3", "h-178.6", "v-508.8" ] ],
    [ "servo1:GND", "uno:GND.1", "black", [ "h0", "v-19.2", "h230.4", "v240", "h-134.4" ] ],
    [ "servo1:PWM", "uno:3", "green", [ "h0", "v57.8", "h182.4" ] ],
    [ "uno:5V", "pot1:VCC", "red", [ "v47.9", "h-188.2", "v-384", "h144" ] ],
    [ "uno:A0", "pot1:SIG", "green", [ "v19.1", "h-217", "v-345.6", "h115.2" ] ],
    [ "pot1:GND", "servo1:GND", "black", [ "v0", "h-96", "v-163.2" ] ]
  ]
}